"Data Source","World Development Indicators",

"Last Updated Date","2016-11-17",

"Country Name","Country Code","Indicator Name","Indicator Code","1960","1961","1962","1963","1964","1965","1966","1967","1968","1969","1970","1971","1972","1973","1974","1975","1976","1977","1978","1979","1980","1981","1982","1983","1984","1985","1986","1987","1988","1989","1990","1991","1992","1993","1994","1995","1996","1997","1998","1999","2000","2001","2002","2003","2004","2005","2006","2007","2008","2009","2010","2011","2012","2013","2014","2015","2016",
"Aruba","ABW","CPIA public sector management and institutions cluster average (1=low to 6=high)","IQ.CPA.PUBS.XQ","","","","","","","","","","","","","","","","","","","","","","","","","","","","","","","","","","","","","","","","","","","","","","","","","","","","","","","","","",
"Andorra","AND","CPIA public sector management and institutions cluster average (1=low to 6=high)","IQ.CPA.PUBS.XQ","","","","","","","","","","","","","","","","","","","","","","","","","","","","","","","","","","","","","","","","","","","","","","","","","","","","","","","","","",
"Afghanistan","AFG","CPIA public sector management and institutions cluster average (1=low to 6=high)","IQ.CPA.PUBS.XQ","","","","","","","","","","","","","","","","","","","","","","","","","","","","","","","","","","","","","","","","","","","","","","","2.3","2.2","2.2","2.4","2.4","2.5","2.5","2.5","2.5","2.5","",
"Angola","AGO","CPIA public sector management and institutions cluster average (1=low to 6=high)","IQ.CPA.PUBS.XQ","","","","","","","","","","","","","","","","","","","","","","","","","","","","","","","","","","","","","","","","","","","","","","2.4","2.4","2.4","2.4","2.4","2.4","2.3","2.3","2.3","","","",
"Albania","ALB","CPIA public sector management and institutions cluster average (1=low to 6=high)","IQ.CPA.PUBS.XQ","","","","","","","","","","","","","","","","","","","","","","","","","","","","","","","","","","","","","","","","","","","","","","3.3","3.3","","","","","","","","","","",
"Arab World","ARB","CPIA public sector management and institutions cluster average (1=low to 6=high)","IQ.CPA.PUBS.XQ","","","","","","","","","","","","","","","","","","","","","","","","","","","","","","","","","","","","","","","","","","","","","","2.66","2.62","2.64","2.66","2.68","2.66","2.66","2.64","2.64","2.64","2.62","",
"United Arab Emirates","ARE","CPIA public sector management and institutions cluster average (1=low to 6=high)","IQ.CPA.PUBS.XQ","","","","","","","","","","","","","","","","","","","","","","","","","","","","","","","","","","","","","","","","","","","","","","","","","","","","","","","","","",
"Argentina","ARG","CPIA public sector management and institutions cluster average (1=low to 6=high)","IQ.CPA.PUBS.XQ","","","","","","","","","","","","","","","","","","","","","","","","","","","","","","","","","","","","","","","","","","","","","","","","","","","","","","","","","",
"Armenia","ARM","CPIA public sector management and institutions cluster average (1=low to 6=high)","IQ.CPA.PUBS.XQ","","","","","","","","","","","","","","","","","","","","","","","","","","","","","","","","","","","","","","","","","","","","","","3.8","3.7","3.7","3.7","3.7","3.7","3.6","3.7","3.7","","","",
"American Samoa","ASM","CPIA public sector management and institutions cluster average (1=low to 6=high)","IQ.CPA.PUBS.XQ","","","","","","","","","","","","","","","","","","","","","","","","","","","","","","","","","","","","","","","","","","","","","","","","","","","","","","","","","",
"Antigua and Barbuda","ATG","CPIA public sector management and institutions cluster average (1=low to 6=high)","IQ.CPA.PUBS.XQ","","","","","","","","","","","","","","","","","","","","","","","","","","","","","","","","","","","","","","","","","","","","","","","","","","","","","","","","","",
"Australia","AUS","CPIA public sector management and institutions cluster average (1=low to 6=high)","IQ.CPA.PUBS.XQ","","","","","","","","","","","","","","","","","","","","","","","","","","","","","","","","","","","","","","","","","","","","","","","","","","","","","","","","","",
"Austria","AUT","CPIA public sector management and institutions cluster average (1=low to 6=high)","IQ.CPA.PUBS.XQ","","","","","","","","","","","","","","","","","","","","","","","","","","","","","","","","","","","","","","","","","","","","","","","","","","","","","","","","","",
"Azerbaijan","AZE","CPIA public sector management and institutions cluster average (1=low to 6=high)","IQ.CPA.PUBS.XQ","","","","","","","","","","","","","","","","","","","","","","","","","","","","","","","","","","","","","","","","","","","","","","3.2","3.2","3.2","3.2","3.2","3.1","","","","","","",
"Burundi","BDI","CPIA public sector management and institutions cluster average (1=low to 6=high)","IQ.CPA.PUBS.XQ","","","","","","","","","","","","","","","","","","","","","","","","","","","","","","","","","","","","","","","","","","","","","","2.7","2.7","2.6","2.6","2.6","2.6","2.7","2.7","2.7","2.8","2.5","",
"Belgium","BEL","CPIA public sector management and institutions cluster average (1=low to 6=high)","IQ.CPA.PUBS.XQ","","","","","","","","","","","","","","","","","","","","","","","","","","","","","","","","","","","","","","","","","","","","","","","","","","","","","","","","","",
"Benin","BEN","CPIA public sector management and institutions cluster average (1=low to 6=high)","IQ.CPA.PUBS.XQ","","","","","","","","","","","","","","","","","","","","","","","","","","","","","","","","","","","","","","","","","","","","","","3.4","3.3","3.3","3.3","3.3","3.3","3.3","3.3","3.3","3.3","3.3","",
"Burkina Faso","BFA","CPIA public sector management and institutions cluster average (1=low to 6=high)","IQ.CPA.PUBS.XQ","","","","","","","","","","","","","","","","","","","","","","","","","","","","","","","","","","","","","","","","","","","","","","3.6","3.5","3.5","3.5","3.7","3.7","3.7","3.7","3.7","3.5","3.5","",
"Bangladesh","BGD","CPIA public sector management and institutions cluster average (1=low to 6=high)","IQ.CPA.PUBS.XQ","","","","","","","","","","","","","","","","","","","","","","","","","","","","","","","","","","","","","","","","","","","","","","2.9","2.8","3","3","3","3","2.9","2.9","2.9","2.9","2.9","",
"Bulgaria","BGR","CPIA public sector management and institutions cluster average (1=low to 6=high)","IQ.CPA.PUBS.XQ","","","","","","","","","","","","","","","","","","","","","","","","","","","","","","","","","","","","","","","","","","","","","","","","","","","","","","","","","",
"Bahrain","BHR","CPIA public sector management and institutions cluster average (1=low to 6=high)","IQ.CPA.PUBS.XQ","","","","","","","","","","","","","","","","","","","","","","","","","","","","","","","","","","","","","","","","","","","","","","","","","","","","","","","","","",
"Bahamas, The","BHS","CPIA public sector management and institutions cluster average (1=low to 6=high)","IQ.CPA.PUBS.XQ","","","","","","","","","","","","","","","","","","","","","","","","","","","","","","","","","","","","","","","","","","","","","","","","","","","","","","","","","",
"Bosnia and Herzegovina","BIH","CPIA public sector management and institutions cluster average (1=low to 6=high)","IQ.CPA.PUBS.XQ","","","","","","","","","","","","","","","","","","","","","","","","","","","","","","","","","","","","","","","","","","","","","","3.3","3.4","3.3","3.3","3.3","3.3","3.3","3.3","3.3","","","",
"Belarus","BLR","CPIA public sector management and institutions cluster average (1=low to 6=high)","IQ.CPA.PUBS.XQ","","","","","","","","","","","","","","","","","","","","","","","","","","","","","","","","","","","","","","","","","","","","","","","","","","","","","","","","","",
"Belize","BLZ","CPIA public sector management and institutions cluster average (1=low to 6=high)","IQ.CPA.PUBS.XQ","","","","","","","","","","","","","","","","","","","","","","","","","","","","","","","","","","","","","","","","","","","","","","","","","","","","","","","","","",
"Bermuda","BMU","CPIA public sector management and institutions cluster average (1=low to 6=high)","IQ.CPA.PUBS.XQ","","","","","","","","","","","","","","","","","","","","","","","","","","","","","","","","","","","","","","","","","","","","","","","","","","","","","","","","","",
"Bolivia","BOL","CPIA public sector management and institutions cluster average (1=low to 6=high)","IQ.CPA.PUBS.XQ","","","","","","","","","","","","","","","","","","","","","","","","","","","","","","","","","","","","","","","","","","","","","","3.3","3.3","3.3","3.3","3.3","3.3","3.2","3.2","3.2","3.2","3.1","",
"Brazil","BRA","CPIA public sector management and institutions cluster average (1=low to 6=high)","IQ.CPA.PUBS.XQ","","","","","","","","","","","","","","","","","","","","","","","","","","","","","","","","","","","","","","","","","","","","","","","","","","","","","","","","","",
"Barbados","BRB","CPIA public sector management and institutions cluster average (1=low to 6=high)","IQ.CPA.PUBS.XQ","","","","","","","","","","","","","","","","","","","","","","","","","","","","","","","","","","","","","","","","","","","","","","","","","","","","","","","","","",
"Brunei Darussalam","BRN","CPIA public sector management and institutions cluster average (1=low to 6=high)","IQ.CPA.PUBS.XQ","","","","","","","","","","","","","","","","","","","","","","","","","","","","","","","","","","","","","","","","","","","","","","","","","","","","","","","","","",
"Bhutan","BTN","CPIA public sector management and institutions cluster average (1=low to 6=high)","IQ.CPA.PUBS.XQ","","","","","","","","","","","","","","","","","","","","","","","","","","","","","","","","","","","","","","","","","","","","","","3.8","3.8","3.8","3.8","3.9","3.9","3.9","3.9","3.9","3.9","3.8","",
"Botswana","BWA","CPIA public sector management and institutions cluster average (1=low to 6=high)","IQ.CPA.PUBS.XQ","","","","","","","","","","","","","","","","","","","","","","","","","","","","","","","","","","","","","","","","","","","","","","","","","","","","","","","","","",
"Central African Republic","CAF","CPIA public sector management and institutions cluster average (1=low to 6=high)","IQ.CPA.PUBS.XQ","","","","","","","","","","","","","","","","","","","","","","","","","","","","","","","","","","","","","","","","","","","","","","2.2","2.2","2.3","2.3","2.4","2.5","2.6","2.4","2.2","2.2","2.2","",
"Canada","CAN","CPIA public sector management and institutions cluster average (1=low to 6=high)","IQ.CPA.PUBS.XQ","","","","","","","","","","","","","","","","","","","","","","","","","","","","","","","","","","","","","","","","","","","","","","","","","","","","","","","","","",
"Central Europe and the Baltics","CEB","CPIA public sector management and institutions cluster average (1=low to 6=high)","IQ.CPA.PUBS.XQ","","","","","","","","","","","","","","","","","","","","","","","","","","","","","","","","","","","","","","","","","","","","","","","","","","","","","","","","","",
"Switzerland","CHE","CPIA public sector management and institutions cluster average (1=low to 6=high)","IQ.CPA.PUBS.XQ","","","","","","","","","","","","","","","","","","","","","","","","","","","","","","","","","","","","","","","","","","","","","","","","","","","","","","","","","",
"Channel Islands","CHI","CPIA public sector management and institutions cluster average (1=low to 6=high)","IQ.CPA.PUBS.XQ","","","","","","","","","","","","","","","","","","","","","","","","","","","","","","","","","","","","","","","","","","","","","","","","","","","","","","","","","",
"Chile","CHL","CPIA public sector management and institutions cluster average (1=low to 6=high)","IQ.CPA.PUBS.XQ","","","","","","","","","","","","","","","","","","","","","","","","","","","","","","","","","","","","","","","","","","","","","","","","","","","","","","","","","",
"China","CHN","CPIA public sector management and institutions cluster average (1=low to 6=high)","IQ.CPA.PUBS.XQ","","","","","","","","","","","","","","","","","","","","","","","","","","","","","","","","","","","","","","","","","","","","","","","","","","","","","","","","","",
"Cote d'Ivoire","CIV","CPIA public sector management and institutions cluster average (1=low to 6=high)","IQ.CPA.PUBS.XQ","","","","","","","","","","","","","","","","","","","","","","","","","","","","","","","","","","","","","","","","","","","","","","2.5","2.5","2.4","2.5","2.6","2.4","2.7","2.8","3","3.1","3.1","",
"Cameroon","CMR","CPIA public sector management and institutions cluster average (1=low to 6=high)","IQ.CPA.PUBS.XQ","","","","","","","","","","","","","","","","","","","","","","","","","","","","","","","","","","","","","","","","","","","","","","3.1","3","3","2.9","2.9","2.9","2.9","2.9","2.9","2.9","2.9","",
"Congo, Rep.","COG","CPIA public sector management and institutions cluster average (1=low to 6=high)","IQ.CPA.PUBS.XQ","","","","","","","","","","","","","","","","","","","","","","","","","","","","","","","","","","","","","","","","","","","","","","2.6","2.7","2.6","2.6","2.6","2.6","2.6","2.5","2.5","2.5","2.5","",
"Colombia","COL","CPIA public sector management and institutions cluster average (1=low to 6=high)","IQ.CPA.PUBS.XQ","","","","","","","","","","","","","","","","","","","","","","","","","","","","","","","","","","","","","","","","","","","","","","","","","","","","","","","","","",
"Comoros","COM","CPIA public sector management and institutions cluster average (1=low to 6=high)","IQ.CPA.PUBS.XQ","","","","","","","","","","","","","","","","","","","","","","","","","","","","","","","","","","","","","","","","","","","","","","2.3","2.2","2.2","2.2","2.4","2.4","2.4","2.5","2.4","2.4","2.6","",
"Cabo Verde","CPV","CPIA public sector management and institutions cluster average (1=low to 6=high)","IQ.CPA.PUBS.XQ","","","","","","","","","","","","","","","","","","","","","","","","","","","","","","","","","","","","","","","","","","","","","","3.9","3.9","4","4","4","4","4","4","4.1","4","4","",
"Costa Rica","CRI","CPIA public sector management and institutions cluster average (1=low to 6=high)","IQ.CPA.PUBS.XQ","","","","","","","","","","","","","","","","","","","","","","","","","","","","","","","","","","","","","","","","","","","","","","","","","","","","","","","","","",
"Caribbean small states","CSS","CPIA public sector management and institutions cluster average (1=low to 6=high)","IQ.CPA.PUBS.XQ","","","","","","","","","","","","","","","","","","","","","","","","","","","","","","","","","","","","","","","","","","","","","","3.6","3.58","3.66","3.66","3.68","3.68","3.66","3.66","3.66","3.6","3.56","",
"Cuba","CUB","CPIA public sector management and institutions cluster average (1=low to 6=high)","IQ.CPA.PUBS.XQ","","","","","","","","","","","","","","","","","","","","","","","","","","","","","","","","","","","","","","","","","","","","","","","","","","","","","","","","","",
"Curacao","CUW","CPIA public sector management and institutions cluster average (1=low to 6=high)","IQ.CPA.PUBS.XQ","","","","","","","","","","","","","","","","","","","","","","","","","","","","","","","","","","","","","","","","","","","","","","","","","","","","","","","","","",
"Cayman Islands","CYM","CPIA public sector management and institutions cluster average (1=low to 6=high)","IQ.CPA.PUBS.XQ","","","","","","","","","","","","","","","","","","","","","","","","","","","","","","","","","","","","","","","","","","","","","","","","","","","","","","","","","",
"Cyprus","CYP","CPIA public sector management and institutions cluster average (1=low to 6=high)","IQ.CPA.PUBS.XQ","","","","","","","","","","","","","","","","","","","","","","","","","","","","","","","","","","","","","","","","","","","","","","","","","","","","","","","","","",
"Czech Republic","CZE","CPIA public sector management and institutions cluster average (1=low to 6=high)","IQ.CPA.PUBS.XQ","","","","","","","","","","","","","","","","","","","","","","","","","","","","","","","","","","","","","","","","","","","","","","","","","","","","","","","","","",
"Germany","DEU","CPIA public sector management and institutions cluster average (1=low to 6=high)","IQ.CPA.PUBS.XQ","","","","","","","","","","","","","","","","","","","","","","","","","","","","","","","","","","","","","","","","","","","","","","","","","","","","","","","","","",
"Djibouti","DJI","CPIA public sector management and institutions cluster average (1=low to 6=high)","IQ.CPA.PUBS.XQ","","","","","","","","","","","","","","","","","","","","","","","","","","","","","","","","","","","","","","","","","","","","","","2.8","2.8","2.8","2.8","2.8","2.8","2.8","2.6","2.7","2.7","2.7","",
"Dominica","DMA","CPIA public sector management and institutions cluster average (1=low to 6=high)","IQ.CPA.PUBS.XQ","","","","","","","","","","","","","","","","","","","","","","","","","","","","","","","","","","","","","","","","","","","","","","3.6","3.6","3.8","3.8","3.8","3.9","3.8","3.8","3.8","3.8","3.8","",
"Denmark","DNK","CPIA public sector management and institutions cluster average (1=low to 6=high)","IQ.CPA.PUBS.XQ","","","","","","","","","","","","","","","","","","","","","","","","","","","","","","","","","","","","","","","","","","","","","","","","","","","","","","","","","",
"Dominican Republic","DOM","CPIA public sector management and institutions cluster average (1=low to 6=high)","IQ.CPA.PUBS.XQ","","","","","","","","","","","","","","","","","","","","","","","","","","","","","","","","","","","","","","","","","","","","","","","","","","","","","","","","","",
"Algeria","DZA","CPIA public sector management and institutions cluster average (1=low to 6=high)","IQ.CPA.PUBS.XQ","","","","","","","","","","","","","","","","","","","","","","","","","","","","","","","","","","","","","","","","","","","","","","","","","","","","","","","","","",
"East Asia & Pacific (excluding high income)","EAP","CPIA public sector management and institutions cluster average (1=low to 6=high)","IQ.CPA.PUBS.XQ","","","","","","","","","","","","","","","","","","","","","","","","","","","","","","","","","","","","","","","","","","","","","","3.08181818181818","3.025","3.03636363636364","3.11818181818182","3.15454545454545","3.21818181818182","3.17692307692308","3.15714285714286","3.12","3.12666666666667","3.13333333333333","",
"Early-demographic dividend","EAR","CPIA public sector management and institutions cluster average (1=low to 6=high)","IQ.CPA.PUBS.XQ","","","","","","","","","","","","","","","","","","","","","","","","","","","","","","","","","","","","","","","","","","","","","","3.12666666666667","3.13","3.14827586206897","3.16206896551724","3.18965517241379","3.21034482758621","3.21333333333333","3.21","3.17741935483871","3.17","3.17333333333333","",
"East Asia & Pacific","EAS","CPIA public sector management and institutions cluster average (1=low to 6=high)","IQ.CPA.PUBS.XQ","","","","","","","","","","","","","","","","","","","","","","","","","","","","","","","","","","","","","","","","","","","","","","3.08181818181818","3.025","3.03636363636364","3.11818181818182","3.15454545454545","3.21818181818182","3.17692307692308","3.15714285714286","3.12","3.12666666666667","3.13333333333333","",
"Europe & Central Asia (excluding high income)","ECA","CPIA public sector management and institutions cluster average (1=low to 6=high)","IQ.CPA.PUBS.XQ","","","","","","","","","","","","","","","","","","","","","","","","","","","","","","","","","","","","","","","","","","","","","","3.15","3.12","3.1625","3.225","3.23333333333333","3.24444444444444","3.2875","3.3625","3.375","3.22","3.2","",
"Europe & Central Asia","ECS","CPIA public sector management and institutions cluster average (1=low to 6=high)","IQ.CPA.PUBS.XQ","","","","","","","","","","","","","","","","","","","","","","","","","","","","","","","","","","","","","","","","","","","","","","3.15","3.12","3.1625","3.225","3.23333333333333","3.24444444444444","3.2875","3.3625","3.375","3.22","3.2","",
"Ecuador","ECU","CPIA public sector management and institutions cluster average (1=low to 6=high)","IQ.CPA.PUBS.XQ","","","","","","","","","","","","","","","","","","","","","","","","","","","","","","","","","","","","","","","","","","","","","","","","","","","","","","","","","",
"Egypt, Arab Rep.","EGY","CPIA public sector management and institutions cluster average (1=low to 6=high)","IQ.CPA.PUBS.XQ","","","","","","","","","","","","","","","","","","","","","","","","","","","","","","","","","","","","","","","","","","","","","","","","","","","","","","","","","",
"Euro area","EMU","CPIA public sector management and institutions cluster average (1=low to 6=high)","IQ.CPA.PUBS.XQ","","","","","","","","","","","","","","","","","","","","","","","","","","","","","","","","","","","","","","","","","","","","","","","","","","","","","","","","","",
"Eritrea","ERI","CPIA public sector management and institutions cluster average (1=low to 6=high)","IQ.CPA.PUBS.XQ","","","","","","","","","","","","","","","","","","","","","","","","","","","","","","","","","","","","","","","","","","","","","","2.8","2.8","2.7","2.7","2.7","2.7","2.6","2.6","2.6","2.6","2.5","",
"Spain","ESP","CPIA public sector management and institutions cluster average (1=low to 6=high)","IQ.CPA.PUBS.XQ","","","","","","","","","","","","","","","","","","","","","","","","","","","","","","","","","","","","","","","","","","","","","","","","","","","","","","","","","",
"Estonia","EST","CPIA public sector management and institutions cluster average (1=low to 6=high)","IQ.CPA.PUBS.XQ","","","","","","","","","","","","","","","","","","","","","","","","","","","","","","","","","","","","","","","","","","","","","","","","","","","","","","","","","",
"Ethiopia","ETH","CPIA public sector management and institutions cluster average (1=low to 6=high)","IQ.CPA.PUBS.XQ","","","","","","","","","","","","","","","","","","","","","","","","","","","","","","","","","","","","","","","","","","","","","","3.1","3.3","3.3","3.3","3.2","3.2","3.3","3.4","3.4","3.5","3.5","",
"European Union","EUU","CPIA public sector management and institutions cluster average (1=low to 6=high)","IQ.CPA.PUBS.XQ","","","","","","","","","","","","","","","","","","","","","","","","","","","","","","","","","","","","","","","","","","","","","","","","","","","","","","","","","",
"Fragile and conflict affected situations","FCS","CPIA public sector management and institutions cluster average (1=low to 6=high)","IQ.CPA.PUBS.XQ","","","","","","","","","","","","","","","","","","","","","","","","","","","","","","","","","","","","","","","","","","","","","","2.68095238095238","2.62727272727273","2.60454545454545","2.59090909090909","2.66666666666667","2.675","2.73461538461538","2.67142857142857","2.66896551724138","2.71034482758621","2.69655172413793","",
"Finland","FIN","CPIA public sector management and institutions cluster average (1=low to 6=high)","IQ.CPA.PUBS.XQ","","","","","","","","","","","","","","","","","","","","","","","","","","","","","","","","","","","","","","","","","","","","","","","","","","","","","","","","","",
"Fiji","FJI","CPIA public sector management and institutions cluster average (1=low to 6=high)","IQ.CPA.PUBS.XQ","","","","","","","","","","","","","","","","","","","","","","","","","","","","","","","","","","","","","","","","","","","","","","","","","","","","","","","","","",
"France","FRA","CPIA public sector management and institutions cluster average (1=low to 6=high)","IQ.CPA.PUBS.XQ","","","","","","","","","","","","","","","","","","","","","","","","","","","","","","","","","","","","","","","","","","","","","","","","","","","","","","","","","",
"Faroe Islands","FRO","CPIA public sector management and institutions cluster average (1=low to 6=high)","IQ.CPA.PUBS.XQ","","","","","","","","","","","","","","","","","","","","","","","","","","","","","","","","","","","","","","","","","","","","","","","","","","","","","","","","","",
"Micronesia, Fed. Sts.","FSM","CPIA public sector management and institutions cluster average (1=low to 6=high)","IQ.CPA.PUBS.XQ","","","","","","","","","","","","","","","","","","","","","","","","","","","","","","","","","","","","","","","","","","","","","","","","","","","","2.8","2.9","2.9","2.9","2.9","",
"Gabon","GAB","CPIA public sector management and institutions cluster average (1=low to 6=high)","IQ.CPA.PUBS.XQ","","","","","","","","","","","","","","","","","","","","","","","","","","","","","","","","","","","","","","","","","","","","","","","","","","","","","","","","","",
"United Kingdom","GBR","CPIA public sector management and institutions cluster average (1=low to 6=high)","IQ.CPA.PUBS.XQ","","","","","","","","","","","","","","","","","","","","","","","","","","","","","","","","","","","","","","","","","","","","","","","","","","","","","","","","","",
"Georgia","GEO","CPIA public sector management and institutions cluster average (1=low to 6=high)","IQ.CPA.PUBS.XQ","","","","","","","","","","","","","","","","","","","","","","","","","","","","","","","","","","","","","","","","","","","","","","3.6","3.7","3.7","3.8","3.8","3.9","3.8","4","4","","","",
"Ghana","GHA","CPIA public sector management and institutions cluster average (1=low to 6=high)","IQ.CPA.PUBS.XQ","","","","","","","","","","","","","","","","","","","","","","","","","","","","","","","","","","","","","","","","","","","","","","3.7","3.9","3.9","3.9","3.8","3.7","3.7","3.7","3.7","3.4","3.7","",
"Gibraltar","GIB","CPIA public sector management and institutions cluster average (1=low to 6=high)","IQ.CPA.PUBS.XQ","","","","","","","","","","","","","","","","","","","","","","","","","","","","","","","","","","","","","","","","","","","","","","","","","","","","","","","","","",
"Guinea","GIN","CPIA public sector management and institutions cluster average (1=low to 6=high)","IQ.CPA.PUBS.XQ","","","","","","","","","","","","","","","","","","","","","","","","","","","","","","","","","","","","","","","","","","","","","","2.7","2.6","2.7","2.6","2.6","2.6","2.6","2.6","2.7","2.7","2.8","",
"Gambia, The","GMB","CPIA public sector management and institutions cluster average (1=low to 6=high)","IQ.CPA.PUBS.XQ","","","","","","","","","","","","","","","","","","","","","","","","","","","","","","","","","","","","","","","","","","","","","","2.9","2.9","3","2.9","2.9","3","3.2","3","3","3","2.9","",
"Guinea-Bissau","GNB","CPIA public sector management and institutions cluster average (1=low to 6=high)","IQ.CPA.PUBS.XQ","","","","","","","","","","","","","","","","","","","","","","","","","","","","","","","","","","","","","","","","","","","","","","2.6","2.6","2.6","2.6","2.6","2.6","2.6","2.3","2.2","2.2","2.2","",
"Equatorial Guinea","GNQ","CPIA public sector management and institutions cluster average (1=low to 6=high)","IQ.CPA.PUBS.XQ","","","","","","","","","","","","","","","","","","","","","","","","","","","","","","","","","","","","","","","","","","","","","","","","","","","","","","","","","",
"Greece","GRC","CPIA public sector management and institutions cluster average (1=low to 6=high)","IQ.CPA.PUBS.XQ","","","","","","","","","","","","","","","","","","","","","","","","","","","","","","","","","","","","","","","","","","","","","","","","","","","","","","","","","",
"Grenada","GRD","CPIA public sector management and institutions cluster average (1=low to 6=high)","IQ.CPA.PUBS.XQ","","","","","","","","","","","","","","","","","","","","","","","","","","","","","","","","","","","","","","","","","","","","","","3.7","3.7","3.7","3.7","3.7","3.7","3.7","3.7","3.6","3.5","3.5","",
"Greenland","GRL","CPIA public sector management and institutions cluster average (1=low to 6=high)","IQ.CPA.PUBS.XQ","","","","","","","","","","","","","","","","","","","","","","","","","","","","","","","","","","","","","","","","","","","","","","","","","","","","","","","","","",
"Guatemala","GTM","CPIA public sector management and institutions cluster average (1=low to 6=high)","IQ.CPA.PUBS.XQ","","","","","","","","","","","","","","","","","","","","","","","","","","","","","","","","","","","","","","","","","","","","","","","","","","","","","","","","","",
"Guam","GUM","CPIA public sector management and institutions cluster average (1=low to 6=high)","IQ.CPA.PUBS.XQ","","","","","","","","","","","","","","","","","","","","","","","","","","","","","","","","","","","","","","","","","","","","","","","","","","","","","","","","","",
"Guyana","GUY","CPIA public sector management and institutions cluster average (1=low to 6=high)","IQ.CPA.PUBS.XQ","","","","","","","","","","","","","","","","","","","","","","","","","","","","","","","","","","","","","","","","","","","","","","3.1","3.1","3.1","3.1","3.1","3","3","3","3.1","3.1","3.1","",
"High income","HIC","CPIA public sector management and institutions cluster average (1=low to 6=high)","IQ.CPA.PUBS.XQ","","","","","","","","","","","","","","","","","","","","","","","","","","","","","","","","","","","","","","","","","","","","","","","","","","","","","","","","","",
"Hong Kong SAR, China","HKG","CPIA public sector management and institutions cluster average (1=low to 6=high)","IQ.CPA.PUBS.XQ","","","","","","","","","","","","","","","","","","","","","","","","","","","","","","","","","","","","","","","","","","","","","","","","","","","","","","","","","",
"Honduras","HND","CPIA public sector management and institutions cluster average (1=low to 6=high)","IQ.CPA.PUBS.XQ","","","","","","","","","","","","","","","","","","","","","","","","","","","","","","","","","","","","","","","","","","","","","","3.5","3.5","3.5","3.4","3.3","3.3","3.4","3.2","3","3","3.1","",
"Heavily indebted poor countries (HIPC)","HPC","CPIA public sector management and institutions cluster average (1=low to 6=high)","IQ.CPA.PUBS.XQ","","","","","","","","","","","","","","","","","","","","","","","","","","","","","","","","","","","","","","","","","","","","","","3.00277777777778","2.97567567567568","2.97297297297297","2.95405405405405","2.96315789473684","2.95263157894737","2.97105263157895","2.93684210526316","2.93421052631579","2.94473684210526","2.95","",
"Croatia","HRV","CPIA public sector management and institutions cluster average (1=low to 6=high)","IQ.CPA.PUBS.XQ","","","","","","","","","","","","","","","","","","","","","","","","","","","","","","","","","","","","","","","","","","","","","","","","","","","","","","","","","",
"Haiti","HTI","CPIA public sector management and institutions cluster average (1=low to 6=high)","IQ.CPA.PUBS.XQ","","","","","","","","","","","","","","","","","","","","","","","","","","","","","","","","","","","","","","","","","","","","","","2.3","2.4","2.4","2.4","2.5","2.5","2.5","2.5","2.4","2.4","2.4","",
"Hungary","HUN","CPIA public sector management and institutions cluster average (1=low to 6=high)","IQ.CPA.PUBS.XQ","","","","","","","","","","","","","","","","","","","","","","","","","","","","","","","","","","","","","","","","","","","","","","","","","","","","","","","","","",
"IBRD only","IBD","CPIA public sector management and institutions cluster average (1=low to 6=high)","IQ.CPA.PUBS.XQ","","","","","","","","","","","","","","","","","","","","","","","","","","","","","","","","","","","","","","","","","","","","","","3.32222222222222","3.27777777777778","3.33333333333333","3.35","3.35","3.33333333333333","3.32","3.38","3.38","","","",
"IDA & IBRD total","IBT","CPIA public sector management and institutions cluster average (1=low to 6=high)","IQ.CPA.PUBS.XQ","","","","","","","","","","","","","","","","","","","","","","","","","","","","","","","","","","","","","","","","","","","","","","3.10131578947368","3.07179487179487","3.08133333333333","3.084","3.1038961038961","3.10909090909091","3.11282051282051","3.08625","3.07530864197531","3.06184210526316","3.05657894736842","",
"IDA total","IDA","CPIA public sector management and institutions cluster average (1=low to 6=high)","IQ.CPA.PUBS.XQ","","","","","","","","","","","","","","","","","","","","","","","","","","","","","","","","","","","","","","","","","","","","","","3.07164179104478","3.04492753623188","3.05942028985507","3.06086956521739","3.0830985915493","3.09014084507042","3.0986301369863","3.06666666666667","3.05526315789474","3.06184210526316","3.05657894736842","",
"IDA blend","IDB","CPIA public sector management and institutions cluster average (1=low to 6=high)","IQ.CPA.PUBS.XQ","","","","","","","","","","","","","","","","","","","","","","","","","","","","","","","","","","","","","","","","","","","","","","3.22941176470588","3.16666666666667","3.2","3.19444444444444","3.22777777777778","3.25","3.25","3.23333333333333","3.22222222222222","3.22222222222222","3.23333333333333","",
"Indonesia","IDN","CPIA public sector management and institutions cluster average (1=low to 6=high)","IQ.CPA.PUBS.XQ","","","","","","","","","","","","","","","","","","","","","","","","","","","","","","","","","","","","","","","","","","","","","","3.2","3.2","","","","","","","","","","",
"IDA only","IDX","CPIA public sector management and institutions cluster average (1=low to 6=high)","IQ.CPA.PUBS.XQ","","","","","","","","","","","","","","","","","","","","","","","","","","","","","","","","","","","","","","","","","","","","","","3.018","3.00196078431373","3.00980392156863","3.01372549019608","3.03396226415094","3.03584905660377","3.04909090909091","3.0140350877193","3.00344827586207","3.01206896551724","3.00172413793103","",
"Isle of Man","IMN","CPIA public sector management and institutions cluster average (1=low to 6=high)","IQ.CPA.PUBS.XQ","","","","","","","","","","","","","","","","","","","","","","","","","","","","","","","","","","","","","","","","","","","","","","","","","","","","","","","","","",
"India","IND","CPIA public sector management and institutions cluster average (1=low to 6=high)","IQ.CPA.PUBS.XQ","","","","","","","","","","","","","","","","","","","","","","","","","","","","","","","","","","","","","","","","","","","","","","3.7","3.7","3.7","3.7","3.7","3.6","3.6","3.6","3.6","","","",
"Not classified","INX","CPIA public sector management and institutions cluster average (1=low to 6=high)","IQ.CPA.PUBS.XQ","","","","","","","","","","","","","","","","","","","","","","","","","","","","","","","","","","","","","","","","","","","","","","","","","","","","","","","","","",
"Ireland","IRL","CPIA public sector management and institutions cluster average (1=low to 6=high)","IQ.CPA.PUBS.XQ","","","","","","","","","","","","","","","","","","","","","","","","","","","","","","","","","","","","","","","","","","","","","","","","","","","","","","","","","",
"Iran, Islamic Rep.","IRN","CPIA public sector management and institutions cluster average (1=low to 6=high)","IQ.CPA.PUBS.XQ","","","","","","","","","","","","","","","","","","","","","","","","","","","","","","","","","","","","","","","","","","","","","","","","","","","","","","","","","",
"Iraq","IRQ","CPIA public sector management and institutions cluster average (1=low to 6=high)","IQ.CPA.PUBS.XQ","","","","","","","","","","","","","","","","","","","","","","","","","","","","","","","","","","","","","","","","","","","","","","","","","","","","","","","","","",
"Iceland","ISL","CPIA public sector management and institutions cluster average (1=low to 6=high)","IQ.CPA.PUBS.XQ","","","","","","","","","","","","","","","","","","","","","","","","","","","","","","","","","","","","","","","","","","","","","","","","","","","","","","","","","",
"Israel","ISR","CPIA public sector management and institutions cluster average (1=low to 6=high)","IQ.CPA.PUBS.XQ","","","","","","","","","","","","","","","","","","","","","","","","","","","","","","","","","","","","","","","","","","","","","","","","","","","","","","","","","",
"Italy","ITA","CPIA public sector management and institutions cluster average (1=low to 6=high)","IQ.CPA.PUBS.XQ","","","","","","","","","","","","","","","","","","","","","","","","","","","","","","","","","","","","","","","","","","","","","","","","","","","","","","","","","",
"Jamaica","JAM","CPIA public sector management and institutions cluster average (1=low to 6=high)","IQ.CPA.PUBS.XQ","","","","","","","","","","","","","","","","","","","","","","","","","","","","","","","","","","","","","","","","","","","","","","","","","","","","","","","","","",
"Jordan","JOR","CPIA public sector management and institutions cluster average (1=low to 6=high)","IQ.CPA.PUBS.XQ","","","","","","","","","","","","","","","","","","","","","","","","","","","","","","","","","","","","","","","","","","","","","","","","","","","","","","","","","",
"Japan","JPN","CPIA public sector management and institutions cluster average (1=low to 6=high)","IQ.CPA.PUBS.XQ","","","","","","","","","","","","","","","","","","","","","","","","","","","","","","","","","","","","","","","","","","","","","","","","","","","","","","","","","",
"Kazakhstan","KAZ","CPIA public sector management and institutions cluster average (1=low to 6=high)","IQ.CPA.PUBS.XQ","","","","","","","","","","","","","","","","","","","","","","","","","","","","","","","","","","","","","","","","","","","","","","","","","","","","","","","","","",
"Kenya","KEN","CPIA public sector management and institutions cluster average (1=low to 6=high)","IQ.CPA.PUBS.XQ","","","","","","","","","","","","","","","","","","","","","","","","","","","","","","","","","","","","","","","","","","","","","","3.3","3.4","3.3","3.3","3.3","3.3","3.3","3.4","3.4","3.4","3.4","",
"Kyrgyz Republic","KGZ","CPIA public sector management and institutions cluster average (1=low to 6=high)","IQ.CPA.PUBS.XQ","","","","","","","","","","","","","","","","","","","","","","","","","","","","","","","","","","","","","","","","","","","","","","2.7","2.8","2.9","3","3","3","3","3.1","3.1","3.2","3.2","",
"Cambodia","KHM","CPIA public sector management and institutions cluster average (1=low to 6=high)","IQ.CPA.PUBS.XQ","","","","","","","","","","","","","","","","","","","","","","","","","","","","","","","","","","","","","","","","","","","","","","2.6","2.7","2.7","2.7","2.7","2.7","2.8","2.8","2.8","2.8","2.7","",
"Kiribati","KIR","CPIA public sector management and institutions cluster average (1=low to 6=high)","IQ.CPA.PUBS.XQ","","","","","","","","","","","","","","","","","","","","","","","","","","","","","","","","","","","","","","","","","","","","","","3.3","3.2","3.2","3.1","3.1","3.1","3.3","3.2","3.2","3.2","3.2","",
"St. Kitts and Nevis","KNA","CPIA public sector management and institutions cluster average (1=low to 6=high)","IQ.CPA.PUBS.XQ","","","","","","","","","","","","","","","","","","","","","","","","","","","","","","","","","","","","","","","","","","","","","","","","","","","","","","","","","",
"Korea, Rep.","KOR","CPIA public sector management and institutions cluster average (1=low to 6=high)","IQ.CPA.PUBS.XQ","","","","","","","","","","","","","","","","","","","","","","","","","","","","","","","","","","","","","","","","","","","","","","","","","","","","","","","","","",
"Kosovo","KSV","CPIA public sector management and institutions cluster average (1=low to 6=high)","IQ.CPA.PUBS.XQ","","","","","","","","","","","","","","","","","","","","","","","","","","","","","","","","","","","","","","","","","","","","","","","","","","3.2","3.2","3.3","3.4","3.4","3.4","3.3","",
"Kuwait","KWT","CPIA public sector management and institutions cluster average (1=low to 6=high)","IQ.CPA.PUBS.XQ","","","","","","","","","","","","","","","","","","","","","","","","","","","","","","","","","","","","","","","","","","","","","","","","","","","","","","","","","",
"Latin America & Caribbean (excluding high income)","LAC","CPIA public sector management and institutions cluster average (1=low to 6=high)","IQ.CPA.PUBS.XQ","","","","","","","","","","","","","","","","","","","","","","","","","","","","","","","","","","","","","","","","","","","","","","3.4","3.38888888888889","3.43333333333333","3.42222222222222","3.43333333333333","3.41111111111111","3.4","3.37777777777778","3.35555555555556","3.32222222222222","3.3","",
"Lao PDR","LAO","CPIA public sector management and institutions cluster average (1=low to 6=high)","IQ.CPA.PUBS.XQ","","","","","","","","","","","","","","","","","","","","","","","","","","","","","","","","","","","","","","","","","","","","","","2.5","2.7","2.7","2.9","2.9","3.1","3.1","3.1","3.1","3.1","3.1","",
"Lebanon","LBN","CPIA public sector management and institutions cluster average (1=low to 6=high)","IQ.CPA.PUBS.XQ","","","","","","","","","","","","","","","","","","","","","","","","","","","","","","","","","","","","","","","","","","","","","","","","","","","","","","","","","",
"Liberia","LBR","CPIA public sector management and institutions cluster average (1=low to 6=high)","IQ.CPA.PUBS.XQ","","","","","","","","","","","","","","","","","","","","","","","","","","","","","","","","","","","","","","","","","","","","","","","","","","2.8","2.8","2.8","2.8","2.9","2.9","2.9","",
"Libya","LBY","CPIA public sector management and institutions cluster average (1=low to 6=high)","IQ.CPA.PUBS.XQ","","","","","","","","","","","","","","","","","","","","","","","","","","","","","","","","","","","","","","","","","","","","","","","","","","","","","","","","","",
"St. Lucia","LCA","CPIA public sector management and institutions cluster average (1=low to 6=high)","IQ.CPA.PUBS.XQ","","","","","","","","","","","","","","","","","","","","","","","","","","","","","","","","","","","","","","","","","","","","","","3.9","3.8","3.9","3.9","4","4","4","4","4","3.9","3.7","",
"Latin America & Caribbean","LCN","CPIA public sector management and institutions cluster average (1=low to 6=high)","IQ.CPA.PUBS.XQ","","","","","","","","","","","","","","","","","","","","","","","","","","","","","","","","","","","","","","","","","","","","","","3.4","3.38888888888889","3.43333333333333","3.42222222222222","3.43333333333333","3.41111111111111","3.4","3.37777777777778","3.35555555555556","3.32222222222222","3.3","",
"Least developed countries: UN classification","LDC","CPIA public sector management and institutions cluster average (1=low to 6=high)","IQ.CPA.PUBS.XQ","","","","","","","","","","","","","","","","","","","","","","","","","","","","","","","","","","","","","","","","","","","","","","2.9525","2.92380952380952","2.93095238095238","2.92619047619048","2.93953488372093","2.94883720930233","2.96046511627907","2.91111111111111","2.89782608695652","2.92444444444444","2.90888888888889","",
"Low income","LIC","CPIA public sector management and institutions cluster average (1=low to 6=high)","IQ.CPA.PUBS.XQ","","","","","","","","","","","","","","","","","","","","","","","","","","","","","","","","","","","","","","","","","","","","","","2.93461538461538","2.9037037037037","2.8962962962963","2.85925925925926","2.89642857142857","2.90357142857143","2.925","2.85172413793103","2.8448275862069","2.87586206896552","2.86896551724138","",
"Liechtenstein","LIE","CPIA public sector management and institutions cluster average (1=low to 6=high)","IQ.CPA.PUBS.XQ","","","","","","","","","","","","","","","","","","","","","","","","","","","","","","","","","","","","","","","","","","","","","","","","","","","","","","","","","",
"Sri Lanka","LKA","CPIA public sector management and institutions cluster average (1=low to 6=high)","IQ.CPA.PUBS.XQ","","","","","","","","","","","","","","","","","","","","","","","","","","","","","","","","","","","","","","","","","","","","","","3.5","3.5","3.3","3.3","3.4","3.4","3.4","3.4","3.3","3.3","3.4","",
"Lower middle income","LMC","CPIA public sector management and institutions cluster average (1=low to 6=high)","IQ.CPA.PUBS.XQ","","","","","","","","","","","","","","","","","","","","","","","","","","","","","","","","","","","","","","","","","","","","","","3.12105263157895","3.1","3.11842105263158","3.14736842105263","3.16153846153846","3.16666666666667","3.175","3.1775","3.16341463414634","3.13333333333333","3.13333333333333","",
"Low & middle income","LMY","CPIA public sector management and institutions cluster average (1=low to 6=high)","IQ.CPA.PUBS.XQ","","","","","","","","","","","","","","","","","","","","","","","","","","","","","","","","","","","","","","","","","","","","","","3.10131578947368","3.07179487179487","3.08133333333333","3.084","3.1038961038961","3.10909090909091","3.11282051282051","3.08625","3.07530864197531","3.06184210526316","3.05657894736842","",
"Lesotho","LSO","CPIA public sector management and institutions cluster average (1=low to 6=high)","IQ.CPA.PUBS.XQ","","","","","","","","","","","","","","","","","","","","","","","","","","","","","","","","","","","","","","","","","","","","","","3.4","3.4","3.4","3.4","3.4","3.5","3.5","3.5","3.3","3.3","3.3","",
"Late-demographic dividend","LTE","CPIA public sector management and institutions cluster average (1=low to 6=high)","IQ.CPA.PUBS.XQ","","","","","","","","","","","","","","","","","","","","","","","","","","","","","","","","","","","","","","","","","","","","","","3.4","3.36153846153846","3.44545454545455","3.47272727272727","3.49090909090909","3.48181818181818","3.52","3.54","3.55","3.4375","3.425","",
"Lithuania","LTU","CPIA public sector management and institutions cluster average (1=low to 6=high)","IQ.CPA.PUBS.XQ","","","","","","","","","","","","","","","","","","","","","","","","","","","","","","","","","","","","","","","","","","","","","","","","","","","","","","","","","",
"Luxembourg","LUX","CPIA public sector management and institutions cluster average (1=low to 6=high)","IQ.CPA.PUBS.XQ","","","","","","","","","","","","","","","","","","","","","","","","","","","","","","","","","","","","","","","","","","","","","","","","","","","","","","","","","",
"Latvia","LVA","CPIA public sector management and institutions cluster average (1=low to 6=high)","IQ.CPA.PUBS.XQ","","","","","","","","","","","","","","","","","","","","","","","","","","","","","","","","","","","","","","","","","","","","","","","","","","","","","","","","","",
"Macao SAR, China","MAC","CPIA public sector management and institutions cluster average (1=low to 6=high)","IQ.CPA.PUBS.XQ","","","","","","","","","","","","","","","","","","","","","","","","","","","","","","","","","","","","","","","","","","","","","","","","","","","","","","","","","",
"St. Martin (French part)","MAF","CPIA public sector management and institutions cluster average (1=low to 6=high)","IQ.CPA.PUBS.XQ","","","","","","","","","","","","","","","","","","","","","","","","","","","","","","","","","","","","","","","","","","","","","","","","","","","","","","","","","",
"Morocco","MAR","CPIA public sector management and institutions cluster average (1=low to 6=high)","IQ.CPA.PUBS.XQ","","","","","","","","","","","","","","","","","","","","","","","","","","","","","","","","","","","","","","","","","","","","","","","","","","","","","","","","","",
"Monaco","MCO","CPIA public sector management and institutions cluster average (1=low to 6=high)","IQ.CPA.PUBS.XQ","","","","","","","","","","","","","","","","","","","","","","","","","","","","","","","","","","","","","","","","","","","","","","","","","","","","","","","","","",
"Moldova","MDA","CPIA public sector management and institutions cluster average (1=low to 6=high)","IQ.CPA.PUBS.XQ","","","","","","","","","","","","","","","","","","","","","","","","","","","","","","","","","","","","","","","","","","","","","","3.2","3.2","3.4","3.5","3.4","3.4","3.5","3.5","3.6","3.5","3.4","",
"Madagascar","MDG","CPIA public sector management and institutions cluster average (1=low to 6=high)","IQ.CPA.PUBS.XQ","","","","","","","","","","","","","","","","","","","","","","","","","","","","","","","","","","","","","","","","","","","","","","3.4","3.4","3.5","3.6","3.3","3","2.8","2.6","2.5","2.6","2.7","",
"Maldives","MDV","CPIA public sector management and institutions cluster average (1=low to 6=high)","IQ.CPA.PUBS.XQ","","","","","","","","","","","","","","","","","","","","","","","","","","","","","","","","","","","","","","","","","","","","","","3.6","3.5","3.5","3.5","3.5","3.5","3.4","3.4","3.2","3.2","3.1","",
"Middle East & North Africa","MEA","CPIA public sector management and institutions cluster average (1=low to 6=high)","IQ.CPA.PUBS.XQ","","","","","","","","","","","","","","","","","","","","","","","","","","","","","","","","","","","","","","","","","","","","","","2.85","2.85","2.85","2.9","2.9","2.85","2.85","2.7","2.75","2.7","2.55","",
"Mexico","MEX","CPIA public sector management and institutions cluster average (1=low to 6=high)","IQ.CPA.PUBS.XQ","","","","","","","","","","","","","","","","","","","","","","","","","","","","","","","","","","","","","","","","","","","","","","","","","","","","","","","","","",
"Marshall Islands","MHL","CPIA public sector management and institutions cluster average (1=low to 6=high)","IQ.CPA.PUBS.XQ","","","","","","","","","","","","","","","","","","","","","","","","","","","","","","","","","","","","","","","","","","","","","","","","","","","","2.8","2.8","2.8","2.8","2.8","",
"Middle income","MIC","CPIA public sector management and institutions cluster average (1=low to 6=high)","IQ.CPA.PUBS.XQ","","","","","","","","","","","","","","","","","","","","","","","","","","","","","","","","","","","","","","","","","","","","","","3.188","3.16078431372549","3.18541666666667","3.21041666666667","3.22244897959184","3.2265306122449","3.218","3.21960784313726","3.20384615384615","3.17659574468085","3.17234042553191","",
"Macedonia, FYR","MKD","CPIA public sector management and institutions cluster average (1=low to 6=high)","IQ.CPA.PUBS.XQ","","","","","","","","","","","","","","","","","","","","","","","","","","","","","","","","","","","","","","","","","","","","","","","","","","","","","","","","","",
"Mali","MLI","CPIA public sector management and institutions cluster average (1=low to 6=high)","IQ.CPA.PUBS.XQ","","","","","","","","","","","","","","","","","","","","","","","","","","","","","","","","","","","","","","","","","","","","","","3.6","3.5","3.5","3.4","3.4","3.4","3.3","3","3","3","3","",
"Malta","MLT","CPIA public sector management and institutions cluster average (1=low to 6=high)","IQ.CPA.PUBS.XQ","","","","","","","","","","","","","","","","","","","","","","","","","","","","","","","","","","","","","","","","","","","","","","","","","","","","","","","","","",
"Myanmar","MMR","CPIA public sector management and institutions cluster average (1=low to 6=high)","IQ.CPA.PUBS.XQ","","","","","","","","","","","","","","","","","","","","","","","","","","","","","","","","","","","","","","","","","","","","","","","","","","","","","","2.7","2.9","3","",
"Middle East & North Africa (excluding high income)","MNA","CPIA public sector management and institutions cluster average (1=low to 6=high)","IQ.CPA.PUBS.XQ","","","","","","","","","","","","","","","","","","","","","","","","","","","","","","","","","","","","","","","","","","","","","","2.85","2.85","2.85","2.9","2.9","2.85","2.85","2.7","2.75","2.7","2.55","",
"Montenegro","MNE","CPIA public sector management and institutions cluster average (1=low to 6=high)","IQ.CPA.PUBS.XQ","","","","","","","","","","","","","","","","","","","","","","","","","","","","","","","","","","","","","","","","","","","","","","","","","","","","","","","","","",
"Mongolia","MNG","CPIA public sector management and institutions cluster average (1=low to 6=high)","IQ.CPA.PUBS.XQ","","","","","","","","","","","","","","","","","","","","","","","","","","","","","","","","","","","","","","","","","","","","","","3.3","3.3","3.4","3.3","3.4","3.4","3.5","3.4","3.4","3.3","3.4","",
"Northern Mariana Islands","MNP","CPIA public sector management and institutions cluster average (1=low to 6=high)","IQ.CPA.PUBS.XQ","","","","","","","","","","","","","","","","","","","","","","","","","","","","","","","","","","","","","","","","","","","","","","","","","","","","","","","","","",
"Mozambique","MOZ","CPIA public sector management and institutions cluster average (1=low to 6=high)","IQ.CPA.PUBS.XQ","","","","","","","","","","","","","","","","","","","","","","","","","","","","","","","","","","","","","","","","","","","","","","3.2","3.1","3.3","3.3","3.4","3.4","3.4","3.4","3.3","3.3","3.2","",
"Mauritania","MRT","CPIA public sector management and institutions cluster average (1=low to 6=high)","IQ.CPA.PUBS.XQ","","","","","","","","","","","","","","","","","","","","","","","","","","","","","","","","","","","","","","","","","","","","","","2.9","2.9","3","3","3","3","3","3.1","3.1","3.2","3.2","",
"Mauritius","MUS","CPIA public sector management and institutions cluster average (1=low to 6=high)","IQ.CPA.PUBS.XQ","","","","","","","","","","","","","","","","","","","","","","","","","","","","","","","","","","","","","","","","","","","","","","","","","","","","","","","","","",
"Malawi","MWI","CPIA public sector management and institutions cluster average (1=low to 6=high)","IQ.CPA.PUBS.XQ","","","","","","","","","","","","","","","","","","","","","","","","","","","","","","","","","","","","","","","","","","","","","","3.4","3.4","3.4","3.4","3.4","3.4","3.3","3.3","3.1","3.1","3.1","",
"Malaysia","MYS","CPIA public sector management and institutions cluster average (1=low to 6=high)","IQ.CPA.PUBS.XQ","","","","","","","","","","","","","","","","","","","","","","","","","","","","","","","","","","","","","","","","","","","","","","","","","","","","","","","","","",
"North America","NAC","CPIA public sector management and institutions cluster average (1=low to 6=high)","IQ.CPA.PUBS.XQ","","","","","","","","","","","","","","","","","","","","","","","","","","","","","","","","","","","","","","","","","","","","","","","","","","","","","","","","","",
"Namibia","NAM","CPIA public sector management and institutions cluster average (1=low to 6=high)","IQ.CPA.PUBS.XQ","","","","","","","","","","","","","","","","","","","","","","","","","","","","","","","","","","","","","","","","","","","","","","","","","","","","","","","","","",
"New Caledonia","NCL","CPIA public sector management and institutions cluster average (1=low to 6=high)","IQ.CPA.PUBS.XQ","","","","","","","","","","","","","","","","","","","","","","","","","","","","","","","","","","","","","","","","","","","","","","","","","","","","","","","","","",
"Niger","NER","CPIA public sector management and institutions cluster average (1=low to 6=high)","IQ.CPA.PUBS.XQ","","","","","","","","","","","","","","","","","","","","","","","","","","","","","","","","","","","","","","","","","","","","","","3.2","3.2","3.2","3.2","3.1","3.2","3.2","3.2","3.2","3.2","3.2","",
"Nigeria","NGA","CPIA public sector management and institutions cluster average (1=low to 6=high)","IQ.CPA.PUBS.XQ","","","","","","","","","","","","","","","","","","","","","","","","","","","","","","","","","","","","","","","","","","","","","","2.8","2.8","2.9","2.9","2.9","2.9","2.9","2.9","2.8","2.8","2.8","",
"Nicaragua","NIC","CPIA public sector management and institutions cluster average (1=low to 6=high)","IQ.CPA.PUBS.XQ","","","","","","","","","","","","","","","","","","","","","","","","","","","","","","","","","","","","","","","","","","","","","","3.5","3.4","3.4","3.4","3.4","3.2","3.2","3.2","3.3","3.3","3.3","",
"Netherlands","NLD","CPIA public sector management and institutions cluster average (1=low to 6=high)","IQ.CPA.PUBS.XQ","","","","","","","","","","","","","","","","","","","","","","","","","","","","","","","","","","","","","","","","","","","","","","","","","","","","","","","","","",
"Norway","NOR","CPIA public sector management and institutions cluster average (1=low to 6=high)","IQ.CPA.PUBS.XQ","","","","","","","","","","","","","","","","","","","","","","","","","","","","","","","","","","","","","","","","","","","","","","","","","","","","","","","","","",
"Nepal","NPL","CPIA public sector management and institutions cluster average (1=low to 6=high)","IQ.CPA.PUBS.XQ","","","","","","","","","","","","","","","","","","","","","","","","","","","","","","","","","","","","","","","","","","","","","","3","3.2","3.2","3","3","2.8","2.9","3","3.1","3.1","3.1","",
"Nauru","NRU","CPIA public sector management and institutions cluster average (1=low to 6=high)","IQ.CPA.PUBS.XQ","","","","","","","","","","","","","","","","","","","","","","","","","","","","","","","","","","","","","","","","","","","","","","","","","","","","","","","","","",
"New Zealand","NZL","CPIA public sector management and institutions cluster average (1=low to 6=high)","IQ.CPA.PUBS.XQ","","","","","","","","","","","","","","","","","","","","","","","","","","","","","","","","","","","","","","","","","","","","","","","","","","","","","","","","","",
"OECD members","OED","CPIA public sector management and institutions cluster average (1=low to 6=high)","IQ.CPA.PUBS.XQ","","","","","","","","","","","","","","","","","","","","","","","","","","","","","","","","","","","","","","","","","","","","","","","","","","","","","","","","","",
"Oman","OMN","CPIA public sector management and institutions cluster average (1=low to 6=high)","IQ.CPA.PUBS.XQ","","","","","","","","","","","","","","","","","","","","","","","","","","","","","","","","","","","","","","","","","","","","","","","","","","","","","","","","","",
"Other small states","OSS","CPIA public sector management and institutions cluster average (1=low to 6=high)","IQ.CPA.PUBS.XQ","","","","","","","","","","","","","","","","","","","","","","","","","","","","","","","","","","","","","","","","","","","","","","3.15555555555556","3.07","3.1","3.1","3.13","3.15","3.14","3.08","3.04","3.03","3.02","",
"Pakistan","PAK","CPIA public sector management and institutions cluster average (1=low to 6=high)","IQ.CPA.PUBS.XQ","","","","","","","","","","","","","","","","","","","","","","","","","","","","","","","","","","","","","","","","","","","","","","3.2","3.2","3.2","3","3","3.1","3","3","3","3","3.1","",
"Panama","PAN","CPIA public sector management and institutions cluster average (1=low to 6=high)","IQ.CPA.PUBS.XQ","","","","","","","","","","","","","","","","","","","","","","","","","","","","","","","","","","","","","","","","","","","","","","","","","","","","","","","","","",
"Peru","PER","CPIA public sector management and institutions cluster average (1=low to 6=high)","IQ.CPA.PUBS.XQ","","","","","","","","","","","","","","","","","","","","","","","","","","","","","","","","","","","","","","","","","","","","","","","","","","","","","","","","","",
"Philippines","PHL","CPIA public sector management and institutions cluster average (1=low to 6=high)","IQ.CPA.PUBS.XQ","","","","","","","","","","","","","","","","","","","","","","","","","","","","","","","","","","","","","","","","","","","","","","","","","","","","","","","","","",
"Palau","PLW","CPIA public sector management and institutions cluster average (1=low to 6=high)","IQ.CPA.PUBS.XQ","","","","","","","","","","","","","","","","","","","","","","","","","","","","","","","","","","","","","","","","","","","","","","","","","","","","","","","","","",
"Papua New Guinea","PNG","CPIA public sector management and institutions cluster average (1=low to 6=high)","IQ.CPA.PUBS.XQ","","","","","","","","","","","","","","","","","","","","","","","","","","","","","","","","","","","","","","","","","","","","","","3.1","2.9","2.9","2.9","2.8","2.9","3","3","2.9","2.9","2.9","",
"Poland","POL","CPIA public sector management and institutions cluster average (1=low to 6=high)","IQ.CPA.PUBS.XQ","","","","","","","","","","","","","","","","","","","","","","","","","","","","","","","","","","","","","","","","","","","","","","","","","","","","","","","","","",
"Pre-demographic dividend","PRE","CPIA public sector management and institutions cluster average (1=low to 6=high)","IQ.CPA.PUBS.XQ","","","","","","","","","","","","","","","","","","","","","","","","","","","","","","","","","","","","","","","","","","","","","","2.92333333333333","2.875","2.865625","2.85","2.86969696969697","2.86363636363636","2.87575757575758","2.81764705882353","2.81470588235294","2.84545454545455","2.83333333333333","",
"Puerto Rico","PRI","CPIA public sector management and institutions cluster average (1=low to 6=high)","IQ.CPA.PUBS.XQ","","","","","","","","","","","","","","","","","","","","","","","","","","","","","","","","","","","","","","","","","","","","","","","","","","","","","","","","","",
"Korea, Dem. People’s Rep.","PRK","CPIA public sector management and institutions cluster average (1=low to 6=high)","IQ.CPA.PUBS.XQ","","","","","","","","","","","","","","","","","","","","","","","","","","","","","","","","","","","","","","","","","","","","","","","","","","","","","","","","","",
"Portugal","PRT","CPIA public sector management and institutions cluster average (1=low to 6=high)","IQ.CPA.PUBS.XQ","","","","","","","","","","","","","","","","","","","","","","","","","","","","","","","","","","","","","","","","","","","","","","","","","","","","","","","","","",
"Paraguay","PRY","CPIA public sector management and institutions cluster average (1=low to 6=high)","IQ.CPA.PUBS.XQ","","","","","","","","","","","","","","","","","","","","","","","","","","","","","","","","","","","","","","","","","","","","","","","","","","","","","","","","","",
"Pacific island small states","PSS","CPIA public sector management and institutions cluster average (1=low to 6=high)","IQ.CPA.PUBS.XQ","","","","","","","","","","","","","","","","","","","","","","","","","","","","","","","","","","","","","","","","","","","","","","3.14","3.08","3.12","3.24","3.32","3.4","3.25714285714286","3.2375","3.2375","3.2375","3.2375","",
"Post-demographic dividend","PST","CPIA public sector management and institutions cluster average (1=low to 6=high)","IQ.CPA.PUBS.XQ","","","","","","","","","","","","","","","","","","","","","","","","","","","","","","","","","","","","","","","","","","","","","","3.3","3.4","3.3","3.3","3.3","3.3","3.3","3.3","3.3","","","",
"French Polynesia","PYF","CPIA public sector management and institutions cluster average (1=low to 6=high)","IQ.CPA.PUBS.XQ","","","","","","","","","","","","","","","","","","","","","","","","","","","","","","","","","","","","","","","","","","","","","","","","","","","","","","","","","",
"Qatar","QAT","CPIA public sector management and institutions cluster average (1=low to 6=high)","IQ.CPA.PUBS.XQ","","","","","","","","","","","","","","","","","","","","","","","","","","","","","","","","","","","","","","","","","","","","","","","","","","","","","","","","","",
"Romania","ROU","CPIA public sector management and institutions cluster average (1=low to 6=high)","IQ.CPA.PUBS.XQ","","","","","","","","","","","","","","","","","","","","","","","","","","","","","","","","","","","","","","","","","","","","","","","","","","","","","","","","","",
"Russian Federation","RUS","CPIA public sector management and institutions cluster average (1=low to 6=high)","IQ.CPA.PUBS.XQ","","","","","","","","","","","","","","","","","","","","","","","","","","","","","","","","","","","","","","","","","","","","","","","","","","","","","","","","","",
"Rwanda","RWA","CPIA public sector management and institutions cluster average (1=low to 6=high)","IQ.CPA.PUBS.XQ","","","","","","","","","","","","","","","","","","","","","","","","","","","","","","","","","","","","","","","","","","","","","","3.3","3.4","3.5","3.5","3.5","3.7","3.6","3.6","3.6","3.6","3.7","",
"South Asia","SAS","CPIA public sector management and institutions cluster average (1=low to 6=high)","IQ.CPA.PUBS.XQ","","","","","","","","","","","","","","","","","","","","","","","","","","","","","","","","","","","","","","","","","","","","","","3.38571428571429","3.25","3.2375","3.1875","3.2375","3.2125","3.2","3.2125","3.1875","3.12857142857143","3.12857142857143","",
"Saudi Arabia","SAU","CPIA public sector management and institutions cluster average (1=low to 6=high)","IQ.CPA.PUBS.XQ","","","","","","","","","","","","","","","","","","","","","","","","","","","","","","","","","","","","","","","","","","","","","","","","","","","","","","","","","",
"Sudan","SDN","CPIA public sector management and institutions cluster average (1=low to 6=high)","IQ.CPA.PUBS.XQ","","","","","","","","","","","","","","","","","","","","","","","","","","","","","","","","","","","","","","","","","","","","","","2.4","2.3","2.3","2.3","2.2","2.2","2.2","2.2","2.2","2.2","2.2","",
"Senegal","SEN","CPIA public sector management and institutions cluster average (1=low to 6=high)","IQ.CPA.PUBS.XQ","","","","","","","","","","","","","","","","","","","","","","","","","","","","","","","","","","","","","","","","","","","","","","3.6","3.6","3.5","3.4","3.4","3.5","3.6","3.6","3.6","3.6","3.6","",
"Singapore","SGP","CPIA public sector management and institutions cluster average (1=low to 6=high)","IQ.CPA.PUBS.XQ","","","","","","","","","","","","","","","","","","","","","","","","","","","","","","","","","","","","","","","","","","","","","","","","","","","","","","","","","",
"Solomon Islands","SLB","CPIA public sector management and institutions cluster average (1=low to 6=high)","IQ.CPA.PUBS.XQ","","","","","","","","","","","","","","","","","","","","","","","","","","","","","","","","","","","","","","","","","","","","","","2.6","2.5","2.5","2.6","2.6","2.7","2.8","2.8","2.7","2.7","2.7","",
"Sierra Leone","SLE","CPIA public sector management and institutions cluster average (1=low to 6=high)","IQ.CPA.PUBS.XQ","","","","","","","","","","","","","","","","","","","","","","","","","","","","","","","","","","","","","","","","","","","","","","2.9","2.9","2.8","2.7","2.9","3","3.1","3.1","3.1","3.1","3.1","",
"El Salvador","SLV","CPIA public sector management and institutions cluster average (1=low to 6=high)","IQ.CPA.PUBS.XQ","","","","","","","","","","","","","","","","","","","","","","","","","","","","","","","","","","","","","","","","","","","","","","","","","","","","","","","","","",
"San Marino","SMR","CPIA public sector management and institutions cluster average (1=low to 6=high)","IQ.CPA.PUBS.XQ","","","","","","","","","","","","","","","","","","","","","","","","","","","","","","","","","","","","","","","","","","","","","","","","","","","","","","","","","",
"Somalia","SOM","CPIA public sector management and institutions cluster average (1=low to 6=high)","IQ.CPA.PUBS.XQ","","","","","","","","","","","","","","","","","","","","","","","","","","","","","","","","","","","","","","","","","","","","","","","","","","","","","","","","","",
"Serbia","SRB","CPIA public sector management and institutions cluster average (1=low to 6=high)","IQ.CPA.PUBS.XQ","","","","","","","","","","","","","","","","","","","","","","","","","","","","","","","","","","","","","","","","","","","","","","3.4","2.9","","","","","","","","","","",
"Sub-Saharan Africa (excluding high income)","SSA","CPIA public sector management and institutions cluster average (1=low to 6=high)","IQ.CPA.PUBS.XQ","","","","","","","","","","","","","","","","","","","","","","","","","","","","","","","","","","","","","","","","","","","","","","2.98108108108108","2.97027027027027","2.97027027027027","2.94864864864865","2.96315789473684","2.96578947368421","2.98157894736842","2.93076923076923","2.92564102564103","2.96052631578947","2.96315789473684","",
"South Sudan","SSD","CPIA public sector management and institutions cluster average (1=low to 6=high)","IQ.CPA.PUBS.XQ","","","","","","","","","","","","","","","","","","","","","","","","","","","","","","","","","","","","","","","","","","","","","","","","","","","","","2","2","1.9","1.7","",
"Sub-Saharan Africa","SSF","CPIA public sector management and institutions cluster average (1=low to 6=high)","IQ.CPA.PUBS.XQ","","","","","","","","","","","","","","","","","","","","","","","","","","","","","","","","","","","","","","","","","","","","","","2.98108108108108","2.97027027027027","2.97027027027027","2.94864864864865","2.96315789473684","2.96578947368421","2.98157894736842","2.93076923076923","2.92564102564103","2.96052631578947","2.96315789473684","",
"Small states","SST","CPIA public sector management and institutions cluster average (1=low to 6=high)","IQ.CPA.PUBS.XQ","","","","","","","","","","","","","","","","","","","","","","","","","","","","","","","","","","","","","","","","","","","","","","3.26842105263158","3.2","3.245","3.275","3.315","3.345","3.29545454545455","3.26086956521739","3.24347826086957","3.22608695652174","3.21304347826087","",
"Sao Tome and Principe","STP","CPIA public sector management and institutions cluster average (1=low to 6=high)","IQ.CPA.PUBS.XQ","","","","","","","","","","","","","","","","","","","","","","","","","","","","","","","","","","","","","","","","","","","","","","3.1","3","3.1","3.1","3.1","3.1","3.1","3.1","3.1","3.1","3.1","",
"Suriname","SUR","CPIA public sector management and institutions cluster average (1=low to 6=high)","IQ.CPA.PUBS.XQ","","","","","","","","","","","","","","","","","","","","","","","","","","","","","","","","","","","","","","","","","","","","","","","","","","","","","","","","","",
"Slovak Republic","SVK","CPIA public sector management and institutions cluster average (1=low to 6=high)","IQ.CPA.PUBS.XQ","","","","","","","","","","","","","","","","","","","","","","","","","","","","","","","","","","","","","","","","","","","","","","","","","","","","","","","","","",
"Slovenia","SVN","CPIA public sector management and institutions cluster average (1=low to 6=high)","IQ.CPA.PUBS.XQ","","","","","","","","","","","","","","","","","","","","","","","","","","","","","","","","","","","","","","","","","","","","","","","","","","","","","","","","","",
"Sweden","SWE","CPIA public sector management and institutions cluster average (1=low to 6=high)","IQ.CPA.PUBS.XQ","","","","","","","","","","","","","","","","","","","","","","","","","","","","","","","","","","","","","","","","","","","","","","","","","","","","","","","","","",
"Swaziland","SWZ","CPIA public sector management and institutions cluster average (1=low to 6=high)","IQ.CPA.PUBS.XQ","","","","","","","","","","","","","","","","","","","","","","","","","","","","","","","","","","","","","","","","","","","","","","","","","","","","","","","","","",
"Sint Maarten (Dutch part)","SXM","CPIA public sector management and institutions cluster average (1=low to 6=high)","IQ.CPA.PUBS.XQ","","","","","","","","","","","","","","","","","","","","","","","","","","","","","","","","","","","","","","","","","","","","","","","","","","","","","","","","","",
"Seychelles","SYC","CPIA public sector management and institutions cluster average (1=low to 6=high)","IQ.CPA.PUBS.XQ","","","","","","","","","","","","","","","","","","","","","","","","","","","","","","","","","","","","","","","","","","","","","","","","","","","","","","","","","",
"Syrian Arab Republic","SYR","CPIA public sector management and institutions cluster average (1=low to 6=high)","IQ.CPA.PUBS.XQ","","","","","","","","","","","","","","","","","","","","","","","","","","","","","","","","","","","","","","","","","","","","","","","","","","","","","","","","","",
"Turks and Caicos Islands","TCA","CPIA public sector management and institutions cluster average (1=low to 6=high)","IQ.CPA.PUBS.XQ","","","","","","","","","","","","","","","","","","","","","","","","","","","","","","","","","","","","","","","","","","","","","","","","","","","","","","","","","",
"Chad","TCD","CPIA public sector management and institutions cluster average (1=low to 6=high)","IQ.CPA.PUBS.XQ","","","","","","","","","","","","","","","","","","","","","","","","","","","","","","","","","","","","","","","","","","","","","","2.4","2.4","2.2","2.2","2.2","2.2","2.2","2.2","2.4","2.6","2.7","",
"East Asia & Pacific (IDA & IBRD countries)","TEA","CPIA public sector management and institutions cluster average (1=low to 6=high)","IQ.CPA.PUBS.XQ","","","","","","","","","","","","","","","","","","","","","","","","","","","","","","","","","","","","","","","","","","","","","","3.08181818181818","3.025","3.03636363636364","3.11818181818182","3.15454545454545","3.21818181818182","3.17692307692308","3.15714285714286","3.12","3.12666666666667","3.13333333333333","",
"Europe & Central Asia (IDA & IBRD countries)","TEC","CPIA public sector management and institutions cluster average (1=low to 6=high)","IQ.CPA.PUBS.XQ","","","","","","","","","","","","","","","","","","","","","","","","","","","","","","","","","","","","","","","","","","","","","","3.15","3.12","3.1625","3.225","3.23333333333333","3.24444444444444","3.2875","3.3625","3.375","3.22","3.2","",
"Togo","TGO","CPIA public sector management and institutions cluster average (1=low to 6=high)","IQ.CPA.PUBS.XQ","","","","","","","","","","","","","","","","","","","","","","","","","","","","","","","","","","","","","","","","","","","","","","2.2","2.2","2.2","2.2","2.4","2.6","2.8","2.7","2.6","2.6","2.6","",
"Thailand","THA","CPIA public sector management and institutions cluster average (1=low to 6=high)","IQ.CPA.PUBS.XQ","","","","","","","","","","","","","","","","","","","","","","","","","","","","","","","","","","","","","","","","","","","","","","","","","","","","","","","","","",
"Tajikistan","TJK","CPIA public sector management and institutions cluster average (1=low to 6=high)","IQ.CPA.PUBS.XQ","","","","","","","","","","","","","","","","","","","","","","","","","","","","","","","","","","","","","","","","","","","","","","2.6","2.6","2.6","2.6","2.7","2.8","2.9","3","3","3","2.9","",
"Turkmenistan","TKM","CPIA public sector management and institutions cluster average (1=low to 6=high)","IQ.CPA.PUBS.XQ","","","","","","","","","","","","","","","","","","","","","","","","","","","","","","","","","","","","","","","","","","","","","","","","","","","","","","","","","",
"Latin America & the Caribbean (IDA & IBRD countries)","TLA","CPIA public sector management and institutions cluster average (1=low to 6=high)","IQ.CPA.PUBS.XQ","","","","","","","","","","","","","","","","","","","","","","","","","","","","","","","","","","","","","","","","","","","","","","3.4","3.38888888888889","3.43333333333333","3.42222222222222","3.43333333333333","3.41111111111111","3.4","3.37777777777778","3.35555555555556","3.32222222222222","3.3","",
"Middle East & North Africa (IDA & IBRD countries)","TMN","CPIA public sector management and institutions cluster average (1=low to 6=high)","IQ.CPA.PUBS.XQ","","","","","","","","","","","","","","","","","","","","","","","","","","","","","","","","","","","","","","","","","","","","","","2.85","2.85","2.85","2.9","2.9","2.85","2.85","2.7","2.75","2.7","2.55","",
"Timor-Leste","TLS","CPIA public sector management and institutions cluster average (1=low to 6=high)","IQ.CPA.PUBS.XQ","","","","","","","","","","","","","","","","","","","","","","","","","","","","","","","","","","","","","","","","","","","","","","","2.6","2.6","2.7","2.7","2.7","2.5","2.5","2.5","2.5","2.5","",
"Tonga","TON","CPIA public sector management and institutions cluster average (1=low to 6=high)","IQ.CPA.PUBS.XQ","","","","","","","","","","","","","","","","","","","","","","","","","","","","","","","","","","","","","","","","","","","","","","2.7","2.7","2.9","3.3","3.6","3.8","3.7","3.7","3.7","3.7","3.7","",
"South Asia (IDA & IBRD)","TSA","CPIA public sector management and institutions cluster average (1=low to 6=high)","IQ.CPA.PUBS.XQ","","","","","","","","","","","","","","","","","","","","","","","","","","","","","","","","","","","","","","","","","","","","","","3.38571428571429","3.25","3.2375","3.1875","3.2375","3.2125","3.2","3.2125","3.1875","3.12857142857143","3.12857142857143","",
"Sub-Saharan Africa (IDA & IBRD countries)","TSS","CPIA public sector management and institutions cluster average (1=low to 6=high)","IQ.CPA.PUBS.XQ","","","","","","","","","","","","","","","","","","","","","","","","","","","","","","","","","","","","","","","","","","","","","","2.98108108108108","2.97027027027027","2.97027027027027","2.94864864864865","2.96315789473684","2.96578947368421","2.98157894736842","2.93076923076923","2.92564102564103","2.96052631578947","2.96315789473684","",
"Trinidad and Tobago","TTO","CPIA public sector management and institutions cluster average (1=low to 6=high)","IQ.CPA.PUBS.XQ","","","","","","","","","","","","","","","","","","","","","","","","","","","","","","","","","","","","","","","","","","","","","","","","","","","","","","","","","",
"Tunisia","TUN","CPIA public sector management and institutions cluster average (1=low to 6=high)","IQ.CPA.PUBS.XQ","","","","","","","","","","","","","","","","","","","","","","","","","","","","","","","","","","","","","","","","","","","","","","","","","","","","","","","","","",
"Turkey","TUR","CPIA public sector management and institutions cluster average (1=low to 6=high)","IQ.CPA.PUBS.XQ","","","","","","","","","","","","","","","","","","","","","","","","","","","","","","","","","","","","","","","","","","","","","","","","","","","","","","","","","",
"Tuvalu","TUV","CPIA public sector management and institutions cluster average (1=low to 6=high)","IQ.CPA.PUBS.XQ","","","","","","","","","","","","","","","","","","","","","","","","","","","","","","","","","","","","","","","","","","","","","","","","","","","","","3","3","3.1","3.2","",
"Tanzania","TZA","CPIA public sector management and institutions cluster average (1=low to 6=high)","IQ.CPA.PUBS.XQ","","","","","","","","","","","","","","","","","","","","","","","","","","","","","","","","","","","","","","","","","","","","","","3.8","3.8","3.7","3.5","3.5","3.3","3.3","3.3","3.4","3.4","3.3","",
"Uganda","UGA","CPIA public sector management and institutions cluster average (1=low to 6=high)","IQ.CPA.PUBS.XQ","","","","","","","","","","","","","","","","","","","","","","","","","","","","","","","","","","","","","","","","","","","","","","3.3","3.3","3.3","3.4","3.3","3.2","3.2","3","3","3.1","3.1","",
"Ukraine","UKR","CPIA public sector management and institutions cluster average (1=low to 6=high)","IQ.CPA.PUBS.XQ","","","","","","","","","","","","","","","","","","","","","","","","","","","","","","","","","","","","","","","","","","","","","","","","","","","","","","","","","",
"Upper middle income","UMC","CPIA public sector management and institutions cluster average (1=low to 6=high)","IQ.CPA.PUBS.XQ","","","","","","","","","","","","","","","","","","","","","","","","","","","","","","","","","","","","","","","","","","","","","","3.4","3.35833333333333","3.44","3.45","3.46","3.46","3.39","3.37272727272727","3.35454545454545","3.3875","3.3625","",
"Uruguay","URY","CPIA public sector management and institutions cluster average (1=low to 6=high)","IQ.CPA.PUBS.XQ","","","","","","","","","","","","","","","","","","","","","","","","","","","","","","","","","","","","","","","","","","","","","","","","","","","","","","","","","",
"United States","USA","CPIA public sector management and institutions cluster average (1=low to 6=high)","IQ.CPA.PUBS.XQ","","","","","","","","","","","","","","","","","","","","","","","","","","","","","","","","","","","","","","","","","","","","","","","","","","","","","","","","","",
"Uzbekistan","UZB","CPIA public sector management and institutions cluster average (1=low to 6=high)","IQ.CPA.PUBS.XQ","","","","","","","","","","","","","","","","","","","","","","","","","","","","","","","","","","","","","","","","","","","","","","2.4","2.4","2.5","2.7","2.8","2.8","2.9","2.9","2.9","3","3.2","",
"St. Vincent and the Grenadines","VCT","CPIA public sector management and institutions cluster average (1=low to 6=high)","IQ.CPA.PUBS.XQ","","","","","","","","","","","","","","","","","","","","","","","","","","","","","","","","","","","","","","","","","","","","","","3.7","3.7","3.8","3.8","3.8","3.8","3.8","3.8","3.8","3.7","3.7","",
"Venezuela, RB","VEN","CPIA public sector management and institutions cluster average (1=low to 6=high)","IQ.CPA.PUBS.XQ","","","","","","","","","","","","","","","","","","","","","","","","","","","","","","","","","","","","","","","","","","","","","","","","","","","","","","","","","",
"British Virgin Islands","VGB","CPIA public sector management and institutions cluster average (1=low to 6=high)","IQ.CPA.PUBS.XQ","","","","","","","","","","","","","","","","","","","","","","","","","","","","","","","","","","","","","","","","","","","","","","","","","","","","","","","","","",
"Virgin Islands (U.S.)","VIR","CPIA public sector management and institutions cluster average (1=low to 6=high)","IQ.CPA.PUBS.XQ","","","","","","","","","","","","","","","","","","","","","","","","","","","","","","","","","","","","","","","","","","","","","","","","","","","","","","","","","",
"Vietnam","VNM","CPIA public sector management and institutions cluster average (1=low to 6=high)","IQ.CPA.PUBS.XQ","","","","","","","","","","","","","","","","","","","","","","","","","","","","","","","","","","","","","","","","","","","","","","3.5","3.5","3.5","3.6","3.6","3.6","3.6","3.5","3.5","3.5","3.5","",
"Vanuatu","VUT","CPIA public sector management and institutions cluster average (1=low to 6=high)","IQ.CPA.PUBS.XQ","","","","","","","","","","","","","","","","","","","","","","","","","","","","","","","","","","","","","","","","","","","","","","3.1","3.1","3.1","3.3","3.3","3.4","3.4","3.5","3.5","3.4","3.3","",
"West Bank and Gaza","PSE","CPIA public sector management and institutions cluster average (1=low to 6=high)","IQ.CPA.PUBS.XQ","","","","","","","","","","","","","","","","","","","","","","","","","","","","","","","","","","","","","","","","","","","","","","","","","","","","","","","","","",
"World","WLD","CPIA public sector management and institutions cluster average (1=low to 6=high)","IQ.CPA.PUBS.XQ","","","","","","","","","","","","","","","","","","","","","","","","","","","","","","","","","","","","","","","","","","","","","","3.10131578947368","3.07179487179487","3.08133333333333","3.084","3.1038961038961","3.10909090909091","3.11282051282051","3.08625","3.07530864197531","3.06184210526316","3.05657894736842","",
"Samoa","WSM","CPIA public sector management and institutions cluster average (1=low to 6=high)","IQ.CPA.PUBS.XQ","","","","","","","","","","","","","","","","","","","","","","","","","","","","","","","","","","","","","","","","","","","","","","4","3.9","3.9","3.9","4","4","4","4","4.1","4.1","4.1","",
"Yemen, Rep.","YEM","CPIA public sector management and institutions cluster average (1=low to 6=high)","IQ.CPA.PUBS.XQ","","","","","","","","","","","","","","","","","","","","","","","","","","","","","","","","","","","","","","","","","","","","","","2.9","2.9","2.9","3","3","2.9","2.9","2.8","2.8","2.7","2.4","",
"South Africa","ZAF","CPIA public sector management and institutions cluster average (1=low to 6=high)","IQ.CPA.PUBS.XQ","","","","","","","","","","","","","","","","","","","","","","","","","","","","","","","","","","","","","","","","","","","","","","","","","","","","","","","","","",
"Congo, Dem. Rep.","COD","CPIA public sector management and institutions cluster average (1=low to 6=high)","IQ.CPA.PUBS.XQ","","","","","","","","","","","","","","","","","","","","","","","","","","","","","","","","","","","","","","","","","","","","","","2.3","2.3","2.3","2.2","2.2","2.2","2.2","2.2","2.4","2.5","2.5","",
"Zambia","ZMB","CPIA public sector management and institutions cluster average (1=low to 6=high)","IQ.CPA.PUBS.XQ","","","","","","","","","","","","","","","","","","","","","","","","","","","","","","","","","","","","","","","","","","","","","","3.2","3.2","3.2","3.2","3.2","3.1","3.1","3.2","3.2","3.2","3.2","",
"Zimbabwe","ZWE","CPIA public sector management and institutions cluster average (1=low to 6=high)","IQ.CPA.PUBS.XQ","","","","","","","","","","","","","","","","","","","","","","","","","","","","","","","","","","","","","","","","","","","","","","2.1","1.9","1.8","1.6","2","2.1","2.2","2.2","2.2","2.7","2.8","",
